term_id	term	Binom_Genome_Fraction	Binom_Expected	observed_genes	fold_enrichment	Binom_Region_Set_Coverage	pval	fdr	Hyper_Total_Genes	Hyper_Expected	Hyper_Observed_Gene_Hits	Hyper_Fold_Enrichment	Hyper_Gene_Set_Coverage	Hyper_Term_Gene_Coverage	Hyper_Raw_PValue	Hyper_Adjp_BH
GO:0001725	stress fiber	0.005401415	231.9205	510	2.199029	0.01187787	2.217944e-56	7.2313344e-55	52	31.64254	47	1.485342	0.004113426	0.9038462	2.000854e-06	3.492399709090909e-05
GO:0042641	actomyosin	0.006930155	297.5601	606	2.036564	0.0141137	5.99217e-56	1.9174944e-54	64	38.94467	59	1.51497	0.005163662	0.921875	1.434268e-08	3.997443716129032e-07
GO:0005757	mitochondrial permeability transition pore complex	0.0002029598	8.714484	68	7.803101	0.001583716	6.284949e-37	1.4104405028571428e-35	4	2.434042	3	1.232518	0.0002625591	0.75	0.4899481	0.9651926741116752
GO:0034364	high-density lipoprotein particle	0.001072381	46.04483	147	3.192541	0.003423621	2.307438e-32	4.381596553846154e-31	27	16.42978	16	0.9738413	0.001400315	0.5925926	0.6474154	0.9651926741116752
GO:0046930	pore complex	0.001290968	55.43029	157	2.832386	0.00365652	5.764546000000001e-29	9.961135488e-28	18	10.95319	13	1.186869	0.001137756	0.7222222	0.230443	0.7573601523809523
GO:0031094	platelet dense tubular network	0.0008395913	36.04953	121	3.356493	0.002818082	8.625158e-29	1.4756705964356438e-27	11	6.693615	10	1.493961	0.0008751969	0.9090909	0.03417502	0.2147433983999999
GO:0031095	platelet dense tubular network membrane	0.0007610115	32.67555	114	3.488847	0.002655053	1.369325e-28	2.3197976470588235e-27	9	5.476594	8	1.460762	0.0007001575	0.8888889	0.07762814	0.4064891694545454
GO:0097444	spine apparatus	4.996127e-05	2.145187	33	15.38327	0.0007685679	1.234807e-27	2.0321395199999998e-26	1	0.6085104	1	1.643357	8.751969e-05	1.0	0.6085104	0.9651926741116752
GO:0016342	catenin complex	0.002070685	88.909	203	2.283233	0.004727857	2.4650860000000002e-25	3.736551410526315e-24	10	6.085104	10	1.643357	0.0008751969	1.0	0.006950407	0.0591640556453201
GO:1990604	IRE1-TRAF2-ASK1 complex	0.0002252607	9.67202	57	5.893288	0.001327526	2.7166210000000003e-25	4.0468285241379315e-24	4	2.434042	3	1.232518	0.0002625591	0.75	0.4899481	0.9651926741116752
GO:0005753	mitochondrial proton-transporting ATP synthase complex	0.0008973751	38.53059	117	3.036548	0.002724923	2.221897e-24	3.121494321951219e-23	23	13.99574	13	0.9288541	0.001137756	0.5652174	0.7412828	1.0
GO:0045259	proton-transporting ATP synthase complex	0.0009270785	39.80597	119	2.989501	0.002771502	3.18218e-24	4.3297693228346464e-23	24	14.60425	14	0.9586251	0.001225276	0.5833333	0.6818499	0.9874793390163934
GO:0042827	platelet dense granule	0.001726465	74.12924	175	2.360742	0.004075739	1.541932e-23	2.0654717023255816e-22	21	12.77872	18	1.408592	0.001575354	0.8571429	0.01339445	0.104731265158371
GO:0005899	insulin receptor complex	0.0005665622	24.32648	86	3.535242	0.002002935	2.37852e-22	3.0902876390977442e-21	3	1.825531	3	1.643357	0.0002625591	1.0	0.2252991	0.7482730871401152
GO:0005915	zonula adherens	0.0005854298	25.1366	85	3.381523	0.001979645	6.1789699999999995e-21	7.466615496503497e-20	8	4.868083	7	1.437938	0.0006126378	0.875	0.1155057	0.5224969884816755
GO:0097038	perinuclear endoplasmic reticulum	0.00134471	57.7378	142	2.459394	0.003307171	6.440596e-21	7.728715199999999e-20	11	6.693615	8	1.195169	0.0007001575	0.7272727	0.3167024	0.8599870451612903
GO:0000137	Golgi cis cisterna	0.0002934807	12.60118	58	4.602744	0.001350816	1.1847199999999999e-20	1.4118594206896553e-19	7	4.259573	4	0.9390613	0.0003500788	0.5714286	0.7265322	1.0
GO:0002079	inner acrosomal membrane	0.0002843326	12.20839	56	4.58701	0.001304236	6.216648e-20	7.209642781208054e-19	4	2.434042	3	1.232518	0.0002625591	0.75	0.4899481	0.9651926741116752
GO:1990578	perinuclear endoplasmic reticulum membrane	0.0006375537	27.37464	86	3.141593	0.002002935	3.0538600000000003e-19	3.4717566315789475e-18	1	0.6085104	1	1.643357	8.751969e-05	1.0	0.6085104	0.9651926741116752
GO:0017109	glutamate-cysteine ligase complex	0.0001860161	7.986974	43	5.383766	0.001001467	4.295926e-18	4.7282548585987256e-17	2	1.217021	2	1.643357	0.0001750394	1.0	0.3702722	0.8599870451612903
GO:0005943	phosphatidylinositol 3-kinase complex, class IA	0.0006965582	29.90812	88	2.942345	0.002049514	5.914667e-18	6.428015456603772e-17	2	1.217021	2	1.643357	0.0001750394	1.0	0.3702722	0.8599870451612903
GO:1990597	AIP1-IRE1 complex	0.0003482236	14.95168	59	3.946046	0.001374106	6.099439e-18	6.587394119999999e-17	3	1.825531	3	1.643357	0.0002625591	1.0	0.2252991	0.7482730871401152
GO:0042627	chylomicron	0.000717279	30.79781	86	2.792407	0.002002935	2.667578e-16	2.727559043786983e-15	14	8.519146	9	1.056444	0.0007876772	0.6428571	0.5122972	0.9651926741116752
GO:0034365	discoidal high-density lipoprotein particle	9.968527e-05	4.280187	30	7.00904	0.0006986981	5.276069e-16	5.362968959999999e-15	3	1.825531	2	1.095572	0.0001750394	0.6666667	0.6602186	0.9651926741116752
GO:0034361	very-low-density lipoprotein particle	0.001112091	47.74987	113	2.366499	0.002631763	7.08228e-16	7.074092393063585e-15	20	12.17021	12	0.9860144	0.001050236	0.6	0.6259936	0.9651926741116752
GO:0030478	actin cap	0.0003320469	14.2571	54	3.787588	0.001257657	7.65792e-16	7.60510675862069e-15	4	2.434042	4	1.643357	0.0003500788	1.0	0.1370827	0.5688860563245823
GO:0031088	platelet dense granule membrane	0.0006965316	29.90698	83	2.775272	0.001933065	1.202435e-15	1.1805725454545456e-14	6	3.651062	5	1.369464	0.0004375985	0.8333333	0.2467089	0.7573601523809523
GO:0044300	cerebellar mossy fiber	0.0007657459	32.87883	87	2.64608	0.002026224	3.594028e-15	3.3937051278688534e-14	5	3.042552	5	1.643357	0.0004375985	1.0	0.08340484	0.4201853163848396
GO:0042622	photoreceptor outer segment membrane	0.0006458729	27.73184	78	2.812651	0.001816615	4.247355e-15	3.9888203478260873e-14	12	7.302125	9	1.232518	0.0007876772	0.75	0.243821	0.7573601523809523
GO:0002081	outer acrosomal membrane	0.0002140532	9.190804	41	4.460981	0.0009548874	1.210686e-14	1.0953222031413614e-13	3	1.825531	2	1.095572	0.0001750394	0.6666667	0.6602186	0.9651926741116752
GO:0034366	spherical high-density lipoprotein particle	0.000326551	14.02112	51	3.63737	0.001187787	2.160532e-14	1.9145637415384619e-13	8	4.868083	3	0.616259	0.0002625591	0.375	0.9552951	1.0
GO:0070876	SOSS complex	0.0003249797	13.95365	50	3.583291	0.001164497	6.645821e-14	5.82943080609137e-13	4	2.434042	4	1.643357	0.0003500788	1.0	0.1370827	0.5688860563245823
GO:0097651	phosphatidylinositol 3-kinase complex, class I	0.0008959825	38.4708	93	2.417418	0.002165964	7.208284e-14	6.290866036363636e-13	5	3.042552	5	1.643357	0.0004375985	1.0	0.08340484	0.4201853163848396
GO:0031588	nucleotide-activated protein kinase complex	0.0006202918	26.63347	73	2.740912	0.001700165	1.047995e-13	9.009628656716419e-13	10	6.085104	8	1.314686	0.0007001575	0.8	0.1813343	0.7073265697516931
GO:1990730	VCP-NSFL1C complex	6.148058e-05	2.639792	22	8.333991	0.0005123786	1.343249e-13	1.143415897536946e-12	2	1.217021	2	1.643357	0.0001750394	1.0	0.3702722	0.8599870451612903
GO:0071144	SMAD2-SMAD3 protein complex	0.0004951418	21.2599	63	2.963325	0.001467266	1.866854e-13	1.5813351529411766e-12	2	1.217021	2	1.643357	0.0001750394	1.0	0.3702722	0.8599870451612903
GO:0033063	Rad51B-Rad51C-Rad51D-XRCC2 complex	0.0005010284	21.51266	63	2.928509	0.001467266	3.07135e-13	2.5393745454545453e-12	5	3.042552	2	0.6573429	0.0001750394	0.4	0.9193626	1.0
GO:0071682	endocytic vesicle lumen	0.0009690634	41.60868	96	2.307211	0.002235834	3.989265e-13	3.2825952e-12	19	11.5617	11	0.9514174	0.0009627166	0.5789474	0.6951808	0.9874793390163934
GO:1904949	ATPase complex	0.001312405	56.35072	117	2.076282	0.002724923	1.106848e-12	9.021855396226416e-12	24	14.60425	17	1.164045	0.001487835	0.7083333	0.2158337	0.7482730871401152
GO:0098533	ATPase dependent transmembrane transport complex	0.001282321	55.05901	115	2.088668	0.002678343	1.190681e-12	9.614470878504672e-12	23	13.99574	16	1.143205	0.001400315	0.6956522	0.2636595	0.7868801658031088
GO:0097132	cyclin D2-CDK6 complex	0.0001775652	7.624117	34	4.459533	0.0007918578	2.067965e-12	1.654372e-11	1	0.6085104	1	1.643357	8.751969e-05	1.0	0.6085104	0.9651926741116752
GO:0005890	sodium:potassium-exchanging ATPase complex	0.0006785998	29.13704	74	2.539723	0.001723455	2.492562e-12	1.9848604313364056e-11	11	6.693615	8	1.195169	0.0007001575	0.7272727	0.3167024	0.8599870451612903
GO:1990332	Ire1 complex	8.053748e-05	3.458038	23	6.651171	0.0005356685	3.499652e-12	2.748817570909091e-11	1	0.6085104	1	1.643357	8.751969e-05	1.0	0.6085104	0.9651926741116752
GO:0005969	serine-pyruvate aminotransferase complex	0.0002162914	9.286904	37	3.984105	0.0008617276	5.70204e-12	4.4584276561085976e-11	1	0.6085104	1	1.643357	8.751969e-05	1.0	0.6085104	0.9651926741116752
GO:0035867	alphav-beta3 integrin-IGF-1-IGF1R complex	0.0006819071	29.27905	73	2.493251	0.001700165	7.931683e-12	6.091532543999999e-11	4	2.434042	4	1.643357	0.0003500788	1.0	0.1370827	0.5688860563245823
GO:0033061	DNA recombinase mediator complex	0.0005645991	24.24219	64	2.640025	0.001490556	1.491073e-11	1.1251415475982534e-10	7	4.259573	3	0.704296	0.0002625591	0.4285714	0.9117873	1.0
GO:0042568	insulin-like growth factor binary complex	1.653314e-05	0.7098834	12	16.90418	0.0002794792	1.77543e-11	1.3338882782608694e-10	1	0.6085104	1	1.643357	8.751969e-05	1.0	0.6085104	0.9651926741116752
GO:0070110	ciliary neurotrophic factor receptor complex	0.0004119934	17.68976	52	2.939554	0.001211077	2.890068e-11	2.1526023724137928e-10	3	1.825531	3	1.643357	0.0002625591	1.0	0.2252991	0.7482730871401152
GO:0031143	pseudopodium	0.0009016271	38.71316	86	2.221467	0.002002935	3.981437e-11	2.952756710729613e-10	17	10.34468	12	1.160017	0.001050236	0.7058824	0.2878853	0.8518249972602739
GO:0005955	calcineurin complex	0.0006971859	29.93507	72	2.405206	0.001676875	5.187583e-11	3.7983658576271185e-10	4	2.434042	4	1.643357	0.0003500788	1.0	0.1370827	0.5688860563245823
GO:0098799	outer mitochondrial membrane protein complex	0.0006256334	26.86282	67	2.494154	0.001560426	5.401037e-11	3.937971281012658e-10	15	9.127656	10	1.095572	0.0008751969	0.6666667	0.4298129	0.961670814213198
GO:1990630	IRE1-RACK1-PP2A complex	9.273386e-05	3.981714	23	5.776407	0.0005356685	5.448138e-11	3.9407726861924684e-10	2	1.217021	1	0.8216786	8.751969e-05	0.5	0.8467486	1.0
GO:0030061	mitochondrial crista	0.0003690169	15.84448	48	3.029446	0.001117917	6.048763e-11	4.3551093600000005e-10	5	3.042552	4	1.314686	0.0003500788	0.8	0.3517943	0.8599870451612903
GO:0031089	platelet dense granule lumen	0.001010006	43.36664	92	2.121446	0.002142674	8.85327e-11	6.321673785123966e-10	14	8.519146	13	1.525975	0.001137756	0.9285714	0.00953117	0.0766040081860465
GO:0042720	mitochondrial inner membrane peptidase complex	0.0004266519	18.31915	51	2.783971	0.001187787	2.770865e-10	1.9229135421686752e-09	2	1.217021	2	1.643357	0.0001750394	1.0	0.3702722	0.8599870451612903
GO:0008091	spectrin	0.0005133879	22.04333	57	2.585816	0.001327526	3.843069e-10	2.635247314285714e-09	8	4.868083	7	1.437938	0.0006126378	0.875	0.1155057	0.5224969884816755
GO:0005742	mitochondrial outer membrane translocase complex	0.0005012303	21.52132	56	2.60207	0.001304236	4.360695e-10	2.9666460472440942e-09	11	6.693615	7	1.045773	0.0006126378	0.6363636	0.5562492	0.9651926741116752
GO:0097513	myosin II filament	0.000236279	10.14511	35	3.449938	0.0008151478	8.665257e-10	5.742008937931034e-09	3	1.825531	3	1.643357	0.0002625591	1.0	0.2252991	0.7482730871401152
GO:0071664	catenin-TCF7L2 complex	0.0008850341	38.00071	81	2.131539	0.001886485	8.990474e-10	5.929595065648855e-09	3	1.825531	3	1.643357	0.0002625591	1.0	0.2252991	0.7482730871401152
GO:0045160	myosin I complex	1.859633e-05	0.7984708	11	13.77633	0.0002561893	1.014336e-09	6.664534631178707e-09	1	0.6085104	1	1.643357	8.751969e-05	1.0	0.6085104	0.9651926741116752
GO:0034363	intermediate-density lipoprotein particle	0.0005152179	22.12191	56	2.531427	0.001304236	1.136342e-09	7.4098074566037754e-09	5	3.042552	3	0.9860144	0.0002625591	0.6	0.6971787	0.9874793390163934
GO:0044301	climbing fiber	0.0002761704	11.85793	38	3.204607	0.0008850176	1.247539e-09	8.07396026966292e-09	2	1.217021	2	1.643357	0.0001750394	1.0	0.3702722	0.8599870451612903
GO:0005839	proteasome core complex	0.0007287384	31.28984	70	2.237148	0.001630296	1.786973e-09	1.1352534352941177e-08	24	14.60425	15	1.027098	0.001312795	0.625	0.5234499	0.9651926741116752
GO:0002944	cyclin K-CDK12 complex	9.438584e-05	4.052645	21	5.181801	0.0004890887	2.400146e-09	1.5081644683636366e-08	2	1.217021	2	1.643357	0.0001750394	1.0	0.3702722	0.8599870451612903
GO:0000138	Golgi trans cisterna	0.0004022949	17.27334	47	2.720957	0.001094627	2.685221e-09	1.6751125949458483e-08	7	4.259573	4	0.9390613	0.0003500788	0.5714286	0.7265322	1.0
GO:0030897	HOPS complex	0.0008878856	38.12315	79	2.072232	0.001839905	4.721923e-09	2.9245458580645164e-08	14	8.519146	9	1.056444	0.0007876772	0.6428571	0.5122972	0.9651926741116752
GO:1990429	peroxisomal importomer complex	0.0001178827	5.061527	23	4.544083	0.0005356685	4.874276e-09	2.9974195473309603e-08	2	1.217021	1	0.8216786	8.751969e-05	0.5	0.8467486	1.0
GO:0065010	extracellular membrane-bounded organelle	0.0002056885	8.831646	31	3.510105	0.000721988	5.16131e-09	3.162675063829787e-08	5	3.042552	5	1.643357	0.0004375985	1.0	0.08340484	0.4201853163848396
GO:0044194	cytolytic granule	0.0001954375	8.3915	30	3.575046	0.0006986981	6.027963e-09	3.667718332394366e-08	5	3.042552	3	0.9860144	0.0002625591	0.6	0.6971787	0.9874793390163934
GO:1990032	parallel fiber	0.000244207	10.48552	34	3.242568	0.0007918578	6.697581e-09	4.0608491115789486e-08	1	0.6085104	1	1.643357	8.751969e-05	1.0	0.6085104	0.9651926741116752
GO:0071942	XPC complex	0.0003082039	13.23335	39	2.9471	0.0009083075	7.19612e-09	4.3327161533101047e-08	3	1.825531	2	1.095572	0.0001750394	0.6666667	0.6602186	0.9651926741116752
GO:0042587	glycogen granule	0.0003786568	16.25839	44	2.706295	0.001024757	9.770402e-09	5.8218119503448287e-08	5	3.042552	4	1.314686	0.0003500788	0.8	0.3517943	0.8599870451612903
GO:0097226	sperm mitochondrial sheath	3.661534e-05	1.572153	13	8.268916	0.0003027692	1.342917e-08	7.974434969072167e-08	1	0.6085104	1	1.643357	8.751969e-05	1.0	0.6085104	0.9651926741116752
GO:0070369	beta-catenin-TCF7L2 complex	0.0008617891	37.00264	75	2.026882	0.001746745	2.695008e-08	1.5680046545454545e-07	2	1.217021	2	1.643357	0.0001750394	1.0	0.3702722	0.8599870451612903
GO:0036053	glomerular endothelium fenestra	0.0001668884	7.165687	26	3.628403	0.0006055383	4.460366e-08	2.552156439735099e-07	1	0.6085104	1	1.643357	8.751969e-05	1.0	0.6085104	0.9651926741116752
GO:0033503	HULC complex	0.0003312268	14.22189	39	2.742252	0.0009083075	4.613204e-08	2.630896538613861e-07	5	3.042552	4	1.314686	0.0003500788	0.8	0.3517943	0.8599870451612903
GO:0016942	insulin-like growth factor binding protein complex	0.0006988648	30.00716	64	2.132825	0.001490556	4.630709e-08	2.6321924842105264e-07	5	3.042552	4	1.314686	0.0003500788	0.8	0.3517943	0.8599870451612903
GO:0005610	laminin-5 complex	0.0002406399	10.33236	32	3.097067	0.000745278	5.072526e-08	2.855154699674267e-07	3	1.825531	3	1.643357	0.0002625591	1.0	0.2252991	0.7482730871401152
GO:0005826	actomyosin contractile ring	0.0003462595	14.86734	40	2.690461	0.0009315975	5.131168e-08	2.878785163636364e-07	4	2.434042	3	1.232518	0.0002625591	0.75	0.4899481	0.9651926741116752
GO:0030056	hemidesmosome	0.0006581077	28.25717	61	2.158744	0.001420686	6.247945e-08	3.482725470967742e-07	7	4.259573	6	1.408592	0.0005251182	0.8571429	0.1699766	0.6752173903448276
GO:0061700	GATOR2 complex	0.0007078535	30.39311	64	2.105741	0.001490556	7.210784e-08	4.006506351125402e-07	11	6.693615	9	1.344565	0.0007876772	0.8181818	0.1305712	0.5688860563245823
GO:0097512	cardiac myofibril	0.0001957762	8.406043	28	3.330937	0.0006521182	7.911083e-08	4.3815228923076934e-07	7	4.259573	4	0.9390613	0.0003500788	0.5714286	0.7265322	1.0
GO:0097433	dense body	0.000513507	22.04845	51	2.313088	0.001187787	9.492406e-08	5.240535964217252e-07	6	3.651062	5	1.369464	0.0004375985	0.8333333	0.2467089	0.7573601523809523
GO:0045180	basal cortex	0.0004692373	20.14764	48	2.382413	0.001117917	9.572874e-08	5.268129385987261e-07	5	3.042552	4	1.314686	0.0003500788	0.8	0.3517943	0.8599870451612903
GO:0071797	LUBAC complex	0.0005157285	22.14383	51	2.303124	0.001187787	1.078739e-07	5.917653942857143e-07	6	3.651062	3	0.8216786	0.0002625591	0.5	0.8323923	1.0
GO:0035102	PRC1 complex	0.0004287161	18.40779	45	2.444618	0.001048047	1.16809e-07	6.367380189274448e-07	12	7.302125	7	0.9586251	0.0006126378	0.5833333	0.6875468	0.9874793390163934
GO:0045179	apical cortex	0.0003762012	16.15295	41	2.538236	0.0009548874	1.595358e-07	8.588095401869158e-07	8	4.868083	7	1.437938	0.0006126378	0.875	0.1155057	0.5224969884816755
GO:0070418	DNA-dependent protein kinase complex	0.0001483489	6.369657	23	3.610869	0.0005356685	2.79478e-07	1.4859630276923076e-06	1	0.6085104	1	1.643357	8.751969e-05	1.0	0.6085104	0.9651926741116752
GO:0034998	oligosaccharyltransferase I complex	1.496489e-05	0.6425476	8	12.45044	0.0001863195	4.077059e-07	2.1544825541284406e-06	1	0.6085104	1	1.643357	8.751969e-05	1.0	0.6085104	0.9651926741116752
GO:0034455	t-UTP complex	0.0002140012	9.188568	28	3.047265	0.0006521182	4.540464e-07	2.3847786601823705e-06	3	1.825531	2	1.095572	0.0001750394	0.6666667	0.6602186	0.9651926741116752
GO:0001940	male pronucleus	0.0003355466	14.40736	37	2.568131	0.0008617276	4.704151e-07	2.455822636858006e-06	6	3.651062	4	1.095572	0.0003500788	0.6666667	0.5619651	0.9651926741116752
GO:0048179	activin receptor complex	0.0001785395	7.665948	25	3.261175	0.0005822484	5.518848e-07	2.8467371176119403e-06	3	1.825531	3	1.643357	0.0002625591	1.0	0.2252991	0.7482730871401152
GO:0071062	alphav-beta3 integrin-vitronectin complex	4.292952e-05	1.843265	12	6.510188	0.0002794792	5.906302e-07	3.037526742857143e-06	3	1.825531	3	1.643357	0.0002625591	1.0	0.2252991	0.7482730871401152
GO:0097125	cyclin B1-CDK1 complex	0.0002173211	9.331117	28	3.000712	0.0006521182	6.101383e-07	3.1285429744807124e-06	2	1.217021	1	0.8216786	8.751969e-05	0.5	0.8467486	1.0
GO:0071148	TEAD-1-YAP complex	0.000346316	14.86977	37	2.48827	0.0008617276	9.718328e-07	4.910313094736841e-06	2	1.217021	2	1.643357	0.0001750394	1.0	0.3702722	0.8599870451612903
GO:0034751	aryl hydrocarbon receptor complex	0.0003794068	16.29059	39	2.39402	0.0009083075	1.261866e-06	6.30537710982659e-06	4	2.434042	4	1.643357	0.0003500788	1.0	0.1370827	0.5688860563245823
GO:1990005	granular vesicle	0.0001384789	5.945867	21	3.531865	0.0004890887	1.262535e-06	6.30537710982659e-06	2	1.217021	2	1.643357	0.0001750394	1.0	0.3702722	0.8599870451612903
GO:0031510	SUMO activating enzyme complex	0.0001393609	5.983737	21	3.509512	0.0004890887	1.392164e-06	6.893006853868195e-06	3	1.825531	2	1.095572	0.0001750394	0.6666667	0.6602186	0.9651926741116752
GO:0070743	interleukin-23 complex	0.0002289541	9.830604	28	2.848248	0.0006521182	1.634483e-06	8.023825636363637e-06	2	1.217021	2	1.643357	0.0001750394	1.0	0.3702722	0.8599870451612903
GO:0009346	citrate lyase complex	1.879854e-05	0.8071527	8	9.911383	0.0001863195	2.186533e-06	1.058355468907563e-05	1	0.6085104	1	1.643357	8.751969e-05	1.0	0.6085104	0.9651926741116752
GO:0032449	CBM complex	0.0003180433	13.65582	34	2.48978	0.0007918578	2.559812e-06	1.22870976e-05	4	2.434042	3	1.232518	0.0002625591	0.75	0.4899481	0.9651926741116752
GO:0032444	activin responsive factor complex	0.0003922942	16.84393	39	2.315374	0.0009083075	2.730955e-06	1.3036160883977902e-05	3	1.825531	2	1.095572	0.0001750394	0.6666667	0.6602186	0.9651926741116752
GO:0031673	H zone	0.0002374479	10.1953	28	2.746363	0.0006521182	3.205994e-06	1.5219663824175826e-05	1	0.6085104	1	1.643357	8.751969e-05	1.0	0.6085104	0.9651926741116752
GO:0097136	Bcl-2 family protein complex	0.0005186553	22.2695	47	2.11051	0.001094627	3.310489e-06	1.5672671210958903e-05	7	4.259573	5	1.173827	0.0004375985	0.7142857	0.4385397	0.961670814213198
GO:0070044	synaptobrevin 2-SNAP-25-syntaxin-1a complex	4.272051e-05	1.83429	11	5.996869	0.0002561893	3.723905e-06	1.743877463414634e-05	3	1.825531	2	1.095572	0.0001750394	0.6666667	0.6602186	0.9651926741116752
GO:0005896	interleukin-6 receptor complex	0.0004914065	21.09952	45	2.13275	0.001048047	4.061731e-06	1.8867395612903227e-05	3	1.825531	2	1.095572	0.0001750394	0.6666667	0.6602186	0.9651926741116752
GO:0042564	NLS-dependent protein nuclear import complex	2.061119e-05	0.8849828	8	9.039724	0.0001863195	4.264309e-06	1.9702475807486627e-05	1	0.6085104	1	1.643357	8.751969e-05	1.0	0.6085104	0.9651926741116752
GO:0097524	sperm plasma membrane	0.0002163319	9.288643	26	2.799117	0.0006055383	5.069514e-06	2.323639308222812e-05	7	4.259573	2	0.4695306	0.0001750394	0.2857143	0.983272	1.0
GO:0097197	tetraspanin-enriched microdomain	0.000485317	20.83806	44	2.111521	0.001024757	6.550942e-06	2.95562082924282e-05	7	4.259573	6	1.408592	0.0005251182	0.8571429	0.1699766	0.6752173903448276
GO:0034423	autophagosome lumen	8.581751e-05	3.684746	15	4.070837	0.000349349	7.767724e-06	3.459439967010309e-05	1	0.6085104	1	1.643357	8.751969e-05	1.0	0.6085104	0.9651926741116752
GO:0048188	Set1C/COMPASS complex	0.0004121714	17.6974	39	2.203713	0.0009083075	8.287228e-06	3.6813187619537285e-05	13	7.910635	12	1.516945	0.001050236	0.9230769	0.0146614	0.1121013238938053
GO:1990913	sperm head plasma membrane	1.08688e-05	0.4666735	6	12.85695	0.0001397396	9.630298e-06	4.245192587755102e-05	1	0.6085104	1	1.643357	8.751969e-05	1.0	0.6085104	0.9651926741116752
GO:1990917	ooplasm	1.08688e-05	0.4666735	6	12.85695	0.0001397396	9.630298e-06	4.245192587755102e-05	1	0.6085104	1	1.643357	8.751969e-05	1.0	0.6085104	0.9651926741116752
GO:0031501	mannosyltransferase complex	7.755281e-05	3.329885	14	4.204349	0.0003260591	1.081126e-05	4.729584121518987e-05	4	2.434042	3	1.232518	0.0002625591	0.75	0.4899481	0.9651926741116752
GO:0000214	tRNA-intron endonuclease complex	7.82823e-05	3.361207	14	4.16517	0.0003260591	1.197623e-05	5.199730010050251e-05	4	2.434042	3	1.232518	0.0002625591	0.75	0.4899481	0.9651926741116752
GO:0030121	AP-1 adaptor complex	0.0002159867	9.273823	25	2.69576	0.0005822484	1.409695e-05	6.104324160000001e-05	6	3.651062	5	1.369464	0.0004375985	0.8333333	0.2467089	0.7573601523809523
GO:0070033	synaptobrevin 2-SNAP-25-syntaxin-1a-complexin II complex	0.0001253307	5.381325	18	3.344901	0.0004192189	1.423398e-05	6.130204656716418e-05	3	1.825531	3	1.643357	0.0002625591	1.0	0.2252991	0.7482730871401152
GO:0034684	integrin alphav-beta5 complex	0.0001375921	5.907793	19	3.216091	0.0004425088	1.426124e-05	6.130204656716418e-05	2	1.217021	2	1.643357	0.0001750394	1.0	0.3702722	0.8599870451612903
GO:0098826	endoplasmic reticulum tubular network membrane	0.0004910161	21.08276	43	2.039581	0.001001467	1.841498e-05	7.81844851105651e-05	5	3.042552	5	1.643357	0.0004375985	1.0	0.08340484	0.4201853163848396
GO:0043203	axon hillock	0.0003517754	15.10418	34	2.251033	0.0007918578	1.98042e-05	8.367153447432762e-05	7	4.259573	6	1.408592	0.0005251182	0.8571429	0.1699766	0.6752173903448276
GO:0005677	chromatin silencing complex	0.0003560917	15.28951	34	2.223747	0.0007918578	2.512978e-05	0.00010565513343065694	8	4.868083	5	1.027098	0.0004375985	0.625	0.6137901	0.9651926741116752
GO:0060053	neurofilament cytoskeleton	0.000157517	6.763309	20	2.957132	0.0004657987	2.777845e-05	0.00011622557288135594	2	1.217021	2	1.643357	0.0001750394	1.0	0.3702722	0.8599870451612903
GO:0033093	Weibel-Palade body	0.0004687526	20.12683	41	2.037082	0.0009548874	2.903472e-05	0.00012118839652173911	5	3.042552	5	1.643357	0.0004375985	1.0	0.08340484	0.4201853163848396
GO:0002193	MAML1-RBP-Jkappa- ICN1 complex	0.0002840698	12.19711	29	2.377613	0.0006754082	2.999879e-05	0.00012461035846153846	3	1.825531	3	1.643357	0.0002625591	1.0	0.2252991	0.7482730871401152
GO:0097356	perinucleolar compartment	3.536878e-05	1.518629	9	5.926397	0.0002096094	3.04694e-05	0.00012626168633093524	1	0.6085104	1	1.643357	8.751969e-05	1.0	0.6085104	0.9651926741116752
GO:0005900	oncostatin-M receptor complex	0.0004871413	20.91638	42	2.007995	0.0009781773	3.222359e-05	0.00013289346902147972	2	1.217021	2	1.643357	0.0001750394	1.0	0.3702722	0.8599870451612903
GO:0000111	nucleotide-excision repair factor 2 complex	7.481833e-05	3.212475	13	4.046724	0.0003027692	3.234938e-05	0.000133094592	1	0.6085104	1	1.643357	8.751969e-05	1.0	0.6085104	0.9651926741116752
GO:0031465	Cul4B-RING E3 ubiquitin ligase complex	0.000228625	9.81647	25	2.54674	0.0005822484	3.50303e-05	0.00014276499622641511	5	3.042552	3	0.9860144	0.0002625591	0.6	0.6971787	0.9874793390163934
GO:1990584	cardiac Troponin complex	4.578313e-05	1.96579	10	5.087012	0.0002328994	4.031711e-05	0.00016315682922716628	3	1.825531	1	0.5477858	8.751969e-05	0.3333333	0.9400136	1.0
GO:0042382	paraspeckles	0.0003343814	14.35733	32	2.228826	0.000745278	4.079224e-05	0.0001643100016783217	6	3.651062	4	1.095572	0.0003500788	0.6666667	0.5619651	0.9651926741116752
GO:0002947	tumor necrosis factor receptor superfamily complex	4.598363e-05	1.974399	10	5.064832	0.0002328994	4.17952e-05	0.0001679583851162791	1	0.6085104	1	1.643357	8.751969e-05	1.0	0.6085104	0.9651926741116752
GO:0008537	proteasome activator complex	9.025843e-06	0.3875426	5	12.90181	0.0001164497	5.281235e-05	0.00021076152609699768	3	1.825531	1	0.5477858	8.751969e-05	0.3333333	0.9400136	1.0
GO:0043190	ATP-binding cassette (ABC) transporter complex	0.0001520304	6.527729	19	2.91066	0.0004425088	5.331921e-05	0.00021229399741935483	8	4.868083	4	0.8216786	0.0003500788	0.5	0.8392743	1.0
GO:0005967	mitochondrial pyruvate dehydrogenase complex	0.0001789462	7.683414	21	2.73316	0.0004890887	5.398337e-05	0.0002144442835862069	3	1.825531	3	1.643357	0.0002625591	1.0	0.2252991	0.7482730871401152
GO:0070685	macropinocytic cup	3.0261e-05	1.299317	8	6.157083	0.0001863195	6.401297e-05	0.0002519690482004556	1	0.6085104	1	1.643357	8.751969e-05	1.0	0.6085104	0.9651926741116752
GO:1903349	omegasome membrane	0.0001429126	6.13624	18	2.933392	0.0004192189	7.502824e-05	0.00029276957905191873	4	2.434042	4	1.643357	0.0003500788	1.0	0.1370827	0.5688860563245823
GO:0036021	endolysosome lumen	0.0003337063	14.32835	31	2.163543	0.000721988	8.978111e-05	0.0003455273008463252	5	3.042552	4	1.314686	0.0003500788	0.8	0.3517943	0.8599870451612903
GO:0043514	interleukin-12 complex	0.0003496056	15.01102	32	2.131768	0.000745278	9.119523e-05	0.000350161000443459	2	1.217021	2	1.643357	0.0001750394	1.0	0.3702722	0.8599870451612903
GO:0097629	extrinsic component of omegasome membrane	0.0001321616	5.674624	17	2.995793	0.0003959289	9.13904e-05	0.000350161000443459	3	1.825531	3	1.643357	0.0002625591	1.0	0.2252991	0.7482730871401152
GO:0070695	FHF complex	0.0003825929	16.42739	34	2.069714	0.0007918578	9.77662e-05	0.0003729359682119205	5	3.042552	4	1.314686	0.0003500788	0.8	0.3517943	0.8599870451612903
GO:0030896	checkpoint clamp complex	0.0001871871	8.037253	21	2.612833	0.0004890887	9.98701e-05	0.00037928688527472527	6	3.651062	5	1.369464	0.0004375985	0.8333333	0.2467089	0.7573601523809523
GO:0032044	DSIF complex	4.160364e-05	1.786335	9	5.038247	0.0002096094	0.0001036591	0.00038939766260869565	2	1.217021	2	1.643357	0.0001750394	1.0	0.3702722	0.8599870451612903
GO:0019773	proteasome core complex, alpha-subunit complex	0.0003215845	13.80787	30	2.172673	0.0006986981	0.0001072687	0.0004006466902807776	9	5.476594	6	1.095572	0.0005251182	0.6666667	0.5040142	0.9651926741116752
GO:0009841	mitochondrial endopeptidase Clp complex	2.439071e-05	1.047264	7	6.684084	0.0001630296	0.0001103809	0.00041107369655172415	1	0.6085104	1	1.643357	8.751969e-05	1.0	0.6085104	0.9651926741116752
GO:0031931	TORC1 complex	0.0004024141	17.27845	35	2.025644	0.0008151478	0.0001169821	0.0004319339076923077	7	4.259573	5	1.173827	0.0004375985	0.7142857	0.4385397	0.961670814213198
GO:0097059	CNTFR-CLCF1 complex	3.311359e-05	1.421798	8	5.626677	0.0001863195	0.0001182403	0.0004356486959488273	2	1.217021	2	1.643357	0.0001750394	1.0	0.3702722	0.8599870451612903
GO:0034466	chromaffin granule lumen	5.231142e-05	2.246096	10	4.45217	0.0002328994	0.0001190635	0.0004377483574468085	1	0.6085104	1	1.643357	8.751969e-05	1.0	0.6085104	0.9651926741116752
GO:1990682	CSF1-CSF1R complex	0.0001223249	5.252266	16	3.046304	0.000372639	0.00012009	0.0004405849681528663	2	1.217021	2	1.643357	0.0001750394	1.0	0.3702722	0.8599870451612903
GO:0070381	endosome to plasma membrane transport vesicle	0.0001903651	8.173707	21	2.569214	0.0004890887	0.0001252308	0.00045847208135593216	2	1.217021	2	1.643357	0.0001750394	1.0	0.3702722	0.8599870451612903
GO:0097632	extrinsic component of pre-autophagosomal structure membrane	8.923517e-05	3.831491	13	3.392935	0.0003027692	0.000182086	0.000656878096033403	2	1.217021	2	1.643357	0.0001750394	1.0	0.3702722	0.8599870451612903
GO:0035189	Rb-E2F complex	0.0001154702	4.957944	15	3.025448	0.000349349	0.0002069217	0.0007387617719008265	3	1.825531	2	1.095572	0.0001750394	0.6666667	0.6602186	0.9651926741116752
GO:0005862	muscle thin filament tropomyosin	0.0002753034	11.8207	26	2.199531	0.0006055383	0.0002456683	0.0008681284711656442	4	2.434042	4	1.643357	0.0003500788	1.0	0.1370827	0.5688860563245823
GO:0044302	dentate gyrus mossy fiber	1.970163e-05	0.8459289	6	7.092795	0.0001397396	0.0002478272	0.0008739702073469388	1	0.6085104	1	1.643357	8.751969e-05	1.0	0.6085104	0.9651926741116752
GO:0097013	phagocytic vesicle lumen	6.8978e-05	2.961708	11	3.714072	0.0002561893	0.0002624888	0.0009219118829268292	3	1.825531	2	1.095572	0.0001750394	0.6666667	0.6602186	0.9651926741116752
GO:0097129	cyclin D2-CDK4 complex	0.0001592443	6.837471	18	2.632552	0.0004192189	0.0002750278	0.0009600970472727272	3	1.825531	2	1.095572	0.0001750394	0.6666667	0.6602186	0.9651926741116752
GO:0061618	sublamina densa	0.0002324964	9.982698	23	2.303986	0.0005356685	0.000288268	0.0010022678148893	1	0.6085104	1	1.643357	8.751969e-05	1.0	0.6085104	0.9651926741116752
GO:0005785	signal recognition particle receptor complex	0.000264022	11.33631	25	2.205303	0.0005822484	0.0003071116	0.0010656402506024	7	4.259573	5	1.173827	0.0004375985	0.7142857	0.4385397	0.961670814213198
GO:1990879	CST complex	5.907119e-05	2.53634	10	3.94269	0.0002328994	0.0003100474	0.0010736711567134	3	1.825531	3	1.643357	0.0002625591	1.0	0.2252991	0.7482730871401152
GO:0020018	ciliary pocket membrane	0.0001076674	4.622917	14	3.028391	0.0003260591	0.0003277328	0.0011303837892215	3	1.825531	2	1.095572	0.0001750394	0.6666667	0.6602186	0.9651926741116752
GO:0098574	cytoplasmic side of lysosomal membrane	0.0002510461	10.77917	24	2.226517	0.0005589585	0.0003498009	0.0012017017001988	6	3.651062	6	1.643357	0.0005251182	1.0	0.05074401	0.2948526891089109
GO:0005596	collagen type XIV trimer	0.0001925703	8.26839	20	2.418851	0.0004657987	0.0003808688	0.0012981090461538	1	0.6085104	1	1.643357	8.751969e-05	1.0	0.6085104	0.9651926741116752
GO:0019774	proteasome core complex, beta-subunit complex	0.0003004382	12.89992	27	2.093037	0.0006288283	0.0004020286	0.0013675303559055	11	6.693615	5	0.7469806	0.0004375985	0.4545455	0.9107793	1.0
GO:0044609	DBIRD complex	0.0003344774	14.36145	29	2.019294	0.0006754082	0.0004434192	0.001499468449315	2	1.217021	2	1.643357	0.0001750394	1.0	0.3702722	0.8599870451612903
GO:1990622	CHOP-ATF3 complex	7.396664e-05	3.175906	11	3.463579	0.0002561893	0.0004671618	0.0015705361680933	2	1.217021	1	0.8216786	8.751969e-05	0.5	0.8467486	1.0
GO:0033768	SUMO-targeted ubiquitin ligase complex	1.452611e-05	0.6237076	5	8.016577	0.0001164497	0.0004695213	0.0015754035075728	1	0.6085104	1	1.643357	8.751969e-05	1.0	0.6085104	0.9651926741116752
GO:0045098	type III intermediate filament	0.0002279908	9.789241	22	2.247365	0.0005123786	0.0005318435	0.0017776123172147	2	1.217021	2	1.643357	0.0001750394	1.0	0.3702722	0.8599870451612903
GO:0070195	growth hormone receptor complex	0.0003063531	13.15388	27	2.052626	0.0006288283	0.0005361947	0.0017886958332046	2	1.217021	1	0.8216786	8.751969e-05	0.5	0.8467486	1.0
GO:0071665	gamma-catenin-TCF7L2 complex	2.324491e-05	0.9980666	6	6.011623	0.0001397396	0.0005881391	0.0019544314707692	1	0.6085104	1	1.643357	8.751969e-05	1.0	0.6085104	0.9651926741116752
GO:0005638	lamin filament	0.0002006382	8.614803	20	2.321585	0.0004657987	0.0006278509	0.0020823922364683	4	2.434042	2	0.8216786	0.0001750394	0.5	0.8304891	1.0
GO:0038039	G-protein coupled receptor heterodimeric complex	0.0002045519	8.782843	20	2.277167	0.0004657987	0.0007908779	0.0025883276727272	2	1.217021	1	0.8216786	8.751969e-05	0.5	0.8467486	1.0
GO:0009368	endopeptidase Clp complex	3.41954e-05	1.468248	7	4.767587	0.0001630296	0.0008188794	0.0026698558550943	2	1.217021	1	0.8216786	8.751969e-05	0.5	0.8467486	1.0
GO:0005861	troponin complex	0.0001192882	5.121877	14	2.733373	0.0003260591	0.0008747523	0.0028413007037593	8	4.868083	3	0.616259	0.0002625591	0.375	0.9552951	1.0
GO:0048787	presynaptic active zone membrane	9.361278e-05	4.019452	12	2.985482	0.0002794792	0.0009526579	0.0030827581483146	4	2.434042	3	1.232518	0.0002625591	0.75	0.4899481	0.9651926741116752
GO:0071953	elastic fiber	0.0002243321	9.632148	21	2.180199	0.0004890887	0.001014826	0.0032777931364485	4	2.434042	3	1.232518	0.0002625591	0.75	0.4899481	0.9651926741116752
GO:0097165	nuclear stress granule	0.0001793949	7.702678	18	2.336849	0.0004192189	0.001058278	0.0034117619104477	5	3.042552	3	0.9860144	0.0002625591	0.6	0.6971787	0.9874793390163934
GO:0000015	phosphopyruvate hydratase complex	0.0001400083	6.011537	15	2.495202	0.000349349	0.001424993	0.0045181429431192	4	2.434042	2	0.8216786	0.0001750394	0.5	0.8304891	1.0
GO:0005597	collagen type XVI trimer	3.851616e-05	1.653769	7	4.232757	0.0001630296	0.001607607	0.0050508089018181	1	0.6085104	1	1.643357	8.751969e-05	1.0	0.6085104	0.9651926741116752
GO:0031477	myosin VII complex	6.215084e-05	2.66857	9	3.372592	0.0002096094	0.001769436	0.0054795437419354	1	0.6085104	1	1.643357	8.751969e-05	1.0	0.6085104	0.9651926741116752
GO:1990435	upper tip-link density	6.215084e-05	2.66857	9	3.372592	0.0002096094	0.001769436	0.0054795437419354	1	0.6085104	1	1.643357	8.751969e-05	1.0	0.6085104	0.9651926741116752
GO:0097451	glial limiting end-foot	0.0001581747	6.791548	16	2.35587	0.000372639	0.001792135	0.0055399092665474	3	1.825531	2	1.095572	0.0001750394	0.6666667	0.6602186	0.9651926741116752
GO:0000789	cytoplasmic chromatin	3.974401e-05	1.706488	7	4.101991	0.0001630296	0.001914611	0.0059079425142857	1	0.6085104	1	1.643357	8.751969e-05	1.0	0.6085104	0.9651926741116752
GO:0001401	mitochondrial sorting and assembly machinery complex	7.622693e-05	3.272956	10	3.055342	0.0002328994	0.002068932	0.0063501145577264	2	1.217021	2	1.643357	0.0001750394	1.0	0.3702722	0.8599870451612903
GO:0033106	cis-Golgi network membrane	4.048064e-05	1.738117	7	4.027346	0.0001630296	0.00211944	0.0064936034042553	1	0.6085104	1	1.643357	8.751969e-05	1.0	0.6085104	0.9651926741116752
GO:1990030	pericellular basket	7.702688e-05	3.307303	10	3.023611	0.0002328994	0.002228166	0.0067906011428571	1	0.6085104	1	1.643357	8.751969e-05	1.0	0.6085104	0.9651926741116752
GO:0097450	astrocyte end-foot	0.0001851345	7.949118	17	2.138602	0.0003959289	0.003490966	0.0103471513687821	5	3.042552	3	0.9860144	0.0002625591	0.6	0.6971787	0.9874793390163934
GO:0032021	NELF complex	0.0001113435	4.780755	12	2.510064	0.0002794792	0.003867367	0.0114041129283276	4	2.434042	2	0.8216786	0.0001750394	0.5	0.8304891	1.0
GO:1902560	GMP reductase complex	0.0002192495	9.413917	19	2.018288	0.0004425088	0.003895676	0.011468020660988	2	1.217021	1	0.8216786	8.751969e-05	0.5	0.8467486	1.0
GO:0070435	Shc-EGFR complex	0.0002057654	8.834949	18	2.037363	0.0004192189	0.004427921	0.0129466116548223	2	1.217021	2	1.643357	0.0001750394	1.0	0.3702722	0.8599870451612903
GO:0031302	intrinsic component of endosome membrane	8.62808e-05	3.704639	10	2.699319	0.0002328994	0.00488751	0.0141467626130653	1	0.6085104	1	1.643357	8.751969e-05	1.0	0.6085104	0.9651926741116752
GO:0097134	cyclin E1-CDK2 complex	7.639918e-05	3.280351	9	2.743608	0.0002096094	0.006660289	0.0189604273344316	2	1.217021	1	0.8216786	8.751969e-05	0.5	0.8467486	1.0
GO:0000125	PCAF complex	0.0001662576	7.138604	15	2.101251	0.000349349	0.006766267	0.0192304430526315	4	2.434042	2	0.8216786	0.0001750394	0.5	0.8304891	1.0
GO:0070436	Grb2-EGFR complex	0.0001507093	6.471005	14	2.163497	0.0003260591	0.006840819	0.0194068110688524	2	1.217021	2	1.643357	0.0001750394	1.0	0.3702722	0.8599870451612903
GO:0035517	PR-DUB complex	0.0001372715	5.894024	13	2.205624	0.0003027692	0.007691256	0.0216105534439024	2	1.217021	2	1.643357	0.0001750394	1.0	0.3702722	0.8599870451612903
GO:0030526	granulocyte macrophage colony-stimulating factor receptor complex	5.20071e-05	2.233029	7	3.134756	0.0001630296	0.008052462	0.0225521139967585	1	0.6085104	1	1.643357	8.751969e-05	1.0	0.6085104	0.9651926741116752
GO:0070931	Golgi-associated vesicle lumen	2.904643e-05	1.247167	5	4.009087	0.0001164497	0.009040802	0.0250762533804173	1	0.6085104	1	1.643357	8.751969e-05	1.0	0.6085104	0.9651926741116752
GO:0030895	apolipoprotein B mRNA editing enzyme complex	0.0001737265	7.459293	15	2.010914	0.000349349	0.009802123	0.0269285668426073	3	1.825531	1	0.5477858	8.751969e-05	0.3333333	0.9400136	1.0
GO:0097637	integral component of autophagosome membrane	0.0001110562	4.768419	11	2.306844	0.0002561893	0.009955581	0.0273067364571428	2	1.217021	1	0.8216786	8.751969e-05	0.5	0.8467486	1.0
GO:0031259	uropod membrane	2.99223e-05	1.284774	5	3.891736	0.0001164497	0.0101757	0.0278662592709984	1	0.6085104	1	1.643357	8.751969e-05	1.0	0.6085104	0.9651926741116752
GO:0008043	intracellular ferritin complex	6.812256e-05	2.924979	8	2.735063	0.0001863195	0.01036057	0.0283276344303797	2	1.217021	2	1.643357	0.0001750394	1.0	0.3702722	0.8599870451612903
GO:0034506	chromosome, centromeric core domain	5.502275e-05	2.362512	7	2.962948	0.0001630296	0.01071427	0.0291563126929133	1	0.6085104	1	1.643357	8.751969e-05	1.0	0.6085104	0.9651926741116752
GO:0036488	CHOP-C/EBP complex	0.0001287828	5.529546	12	2.17016	0.0002794792	0.01141064	0.0308569419718309	2	1.217021	1	0.8216786	8.751969e-05	0.5	0.8467486	1.0
GO:0071817	MMXD complex	0.0001137593	4.884484	11	2.252029	0.0002561893	0.01171414	0.031628178	5	3.042552	2	0.6573429	0.0001750394	0.4	0.9193626	1.0
GO:0097505	Rad6-Rad18 complex	0.000161271	6.924494	14	2.021808	0.0003260591	0.01176777	0.0316742669158878	1	0.6085104	1	1.643357	8.751969e-05	1.0	0.6085104	0.9651926741116752
GO:0075341	host cell PML body	5.66601e-05	2.432815	7	2.877326	0.0001630296	0.01240127	0.0332238675348837	1	0.6085104	1	1.643357	8.751969e-05	1.0	0.6085104	0.9651926741116752
GO:0000229	cytoplasmic chromosome	5.741852e-05	2.465379	7	2.83932	0.0001630296	0.01324416	0.0353723469551777	2	1.217021	1	0.8216786	8.751969e-05	0.5	0.8467486	1.0
GO:0005965	protein farnesyltransferase complex	0.0001168172	5.015779	11	2.193079	0.0002561893	0.0139783	0.0370467828220858	3	1.825531	2	1.095572	0.0001750394	0.6666667	0.6602186	0.9651926741116752
GO:0098560	cytoplasmic side of late endosome membrane	8.764378e-05	3.763161	9	2.391606	0.0002096094	0.01510949	0.0397400284931506	2	1.217021	2	1.643357	0.0001750394	1.0	0.3702722	0.8599870451612903
GO:0071821	FANCM-MHF complex	7.333178e-05	3.148647	8	2.540774	0.0001863195	0.01544214	0.0404916812139605	3	1.825531	2	1.095572	0.0001750394	0.6666667	0.6602186	0.9651926741116752
GO:0009328	phenylalanine-tRNA ligase complex	8.963107e-05	3.848489	9	2.33858	0.0002096094	0.01718111	0.0447797256108597	3	1.825531	2	1.095572	0.0001750394	0.6666667	0.6602186	0.9651926741116752
GO:0033185	dolichol-phosphate-mannose synthase complex	3.511211e-05	1.507609	5	3.31651	0.0001164497	0.01893424	0.0489063777578475	3	1.825531	2	1.095572	0.0001750394	0.6666667	0.6602186	0.9651926741116752
GO:0031074	nucleocytoplasmic shuttling complex	7.654861e-05	3.286768	8	2.434002	0.0001863195	0.01936309	0.0498650067362146	3	1.825531	1	0.5477858	8.751969e-05	0.3333333	0.9400136	1.0
GO:0014705	C zone	3.632736e-05	1.559788	5	3.205564	0.0001164497	0.02152948	0.0549526461447562	1	0.6085104	1	1.643357	8.751969e-05	1.0	0.6085104	0.9651926741116752
GO:0005956	protein kinase CK2 complex	5.03272e-05	2.160899	6	2.776622	0.0001397396	0.02309186	0.0583268110948905	2	1.217021	1	0.8216786	8.751969e-05	0.5	0.8467486	1.0
GO:0090498	extrinsic component of Golgi membrane	6.780258e-05	2.91124	7	2.404474	0.0001630296	0.0292259	0.0721462217142857	3	1.825531	2	1.095572	0.0001750394	0.6666667	0.6602186	0.9651926741116752
GO:0005582	collagen type XV trimer	9.921143e-05	4.259841	9	2.112755	0.0002096094	0.03013889	0.0738723431489361	1	0.6085104	1	1.643357	8.751969e-05	1.0	0.6085104	0.9651926741116752
GO:1903767	sweet taste receptor complex	9.933466e-05	4.265132	9	2.110134	0.0002096094	0.0303403	0.0742606776203966	2	1.217021	2	1.643357	0.0001750394	1.0	0.3702722	0.8599870451612903
GO:0014802	terminal cisterna	0.0001157177	4.96857	10	2.012652	0.0002328994	0.03069425	0.0750207411598302	4	2.434042	3	1.232518	0.0002625591	0.75	0.4899481	0.9651926741116752
GO:0043265	ectoplasm	4.407839e-05	1.892594	5	2.641877	0.0001164497	0.0434786	0.1022190759183673	1	0.6085104	1	1.643357	8.751969e-05	1.0	0.6085104	0.9651926741116752
